person,place
Adalberto,Charlotte
Adelaida,Oakland
Adolfo,Dallas
Adolph,Baltimore
Adrian,Dallas
Adrianne,Dallas
Adriene,Dallas
Ahmad,Dallas
Ahmed,Austin
Aileen,Philadelphia
Akilah,Charlotte
Al,Detroit
Alaine,Oakland
Alan,Chicago
Albert,Detroit
Albertina,Baltimore
Alberto,Detroit
Alejandro,Miami
Alesha,Miami
Aleta,Oakland
Aletha,Chicago
Alex,Chicago
Alexandria,Wichita
Alfonso,Chicago
Alfreda,Baltimore
Alice,Charlotte
Aline,Chicago
Alisa,Austin
Allyn,Detroit
Alonzo,Charlotte
Alphonse,Detroit
Alverta,Austin
Alysa,Oakland
Amado,Dallas
Amiee,Detroit
Anabel,Chicago
Analisa,Chicago
Anastacia,Baltimore
Andrea,Baltimore
Andreas,Dallas
Angeles,Chicago
Angelina,Oakland
Angla,Detroit
Anibal,Charlotte
Anjanette,Dallas
Annabel,Austin
Annalisa,Austin
Annie,Philadelphia
Annika,Oakland
Anthony,Dallas
Antoinette,Philadelphia
Antonia,Baltimore
Antonietta,Dallas
Antwan,Oakland
Ardelia,Dallas
Arden,Chicago
Argentina,Wichita
Arlie,Philadelphia
Arlyne,Detroit
Arnulfo,Austin
Arron,Dallas
Arthur,Austin
Ashli,Baltimore
Astrid,Austin
Audrea,Austin
August,Dallas
Augustine,Charlotte
Aurelia,Detroit
Austin,Austin
Ava,Austin
Barrett,Miami
Barrie,Philadelphia
Bart,Dallas
Barton,Charlotte
Beau,Philadelphia
Bebe,Wichita
Bee,Chicago
Ben,Charlotte
Benedict,Oakland
Bennett,Philadelphia
Bennie,Baltimore
Benton,Oakland
Bernadine,Charlotte
Bernardo,Oakland
Bernetta,Charlotte
Berry,Miami
Bethany,Miami
Bill,Oakland
Billie,Dallas
Birgit,Oakland
Blair,Detroit
Blake,Chicago
Blythe,Wichita
Bo,Miami
Bobbi,Baltimore
Bobbie,Philadelphia
Bobby,Chicago
Bobbye,Charlotte
Boyd,Charlotte
Brandee,Oakland
Brant,Austin
Brendan,Detroit
Brendon,Detroit
Brenna,Wichita
Brent,Oakland
Bret,Baltimore
Brigid,Chicago
Brigitte,Oakland
Britt,Detroit
Broderick,Wichita
Bruno,Chicago
Bryant,Miami
Bryon,Detroit
Bud,Chicago
Buddy,Detroit
Burl,Charlotte
Burt,Charlotte
Burton,Oakland
Buster,Charlotte
Calandra,Dallas
Calvin,Charlotte
Cameron,Miami
Carl,Dallas
Carli,Miami
Carmelia,Wichita
Carmelita,Oakland
Carmen,Chicago
Carmina,Chicago
Carolynn,Dallas
Carrie,Austin
Carson,Dallas
Cary,Detroit
Casey,Chicago
Casimira,Detroit
Cassie,Philadelphia
Cathy,Wichita
Cecily,Detroit
Cedric,Miami
Celeste,Miami
Chad,Baltimore
Chadwick,Chicago
Chanel,Austin
Charlie,Philadelphia
Charlotte,Wichita
Chas,Miami
Chase,Miami
Chasity,Charlotte
Chery,Charlotte
Chet,Miami
Chieko,Wichita
Chiquita,Dallas
Chris,Detroit
Chrissy,Austin
Christiana,Dallas
Christoper,Wichita
Christy,Austin
Chung,Miami
Ciera,Dallas
Claudia,Chicago
Clayton,Detroit
Clement,Chicago
Cleo,Oakland
Cleotilde,Dallas
Cleta,Austin
Clinton,Oakland
Clorinda,Miami
Clyde,Baltimore
Cody,Baltimore
Cole,Wichita
Coleman,Detroit
Colette,Wichita
Colin,Charlotte
Colleen,Baltimore
Collette,Wichita
Columbus,Austin
Conchita,Dallas
Connie,Chicago
Conrad,Dallas
Coretta,Baltimore
Cortez,Charlotte
Courtney,Detroit
Craig,Detroit
Cristal,Chicago
Cristobal,Philadelphia
Cruz,Oakland
Cyndi,Philadelphia
Dale,Oakland
Damian,Wichita
Damion,Philadelphia
Daniela,Oakland
Danille,Oakland
Dannielle,Austin
Danyel,Miami
Darcel,Oakland
Darcey,Oakland
Darell,Baltimore
Daria,Baltimore
Dario,Philadelphia
Darrel,Baltimore
Darren,Philadelphia
Darrick,Philadelphia
Darrin,Wichita
Darron,Miami
Darwin,Chicago
David,Austin
Dayna,Philadelphia
Deadra,Austin
Dean,Oakland
Deandre,Philadelphia
Debi,Oakland
Deena,Oakland
Deetta,Philadelphia
Delaine,Detroit
Delmy,Miami
Delora,Dallas
Denise,Austin
Denita,Miami
Denna,Philadelphia
Denver,Dallas
Deon,Detroit
Derick,Detroit
Desire,Detroit
Desiree,Wichita
Desmond,Baltimore
Devin,Baltimore
Devon,Detroit
Dewitt,Philadelphia
Dexter,Detroit
Dia,Oakland
Dick,Detroit
Diedra,Wichita
Dionne,Baltimore
Dollie,Oakland
Dominic,Dallas
Dominque,Dallas
Domitila,Miami
Don,Philadelphia
Donette,Oakland
Donnetta,Dallas
Donnie,Austin
Donovan,Oakland
Dorene,Charlotte
Dorian,Oakland
Dorinda,Austin
Dorothea,Dallas
Dottie,Baltimore
Doug,Philadelphia
Douglas,Chicago
Drusilla,Oakland
Duane,Dallas
Dudley,Chicago
Duncan,Austin
Dyan,Miami
Dylan,Detroit
Earl,Wichita
Earnestine,Detroit
Edda,Chicago
Eddy,Detroit
Edgar,Philadelphia
Edgardo,Austin
Edmond,Charlotte
Edmund,Detroit
Edmundo,Austin
Edna,Philadelphia
Edra,Dallas
Edwardo,Wichita
Eileen,Miami
Elayne,Chicago
Eldon,Philadelphia
Eldridge,Chicago
Eleanore,Dallas
Elease,Detroit
Eleonore,Oakland
Eliana,Baltimore
Elinor,Austin
Elinore,Detroit
Elisha,Detroit
Elke,Wichita
Ellan,Austin
Elliott,Dallas
Elmer,Detroit
Elna,Philadelphia
Elvis,Oakland
Elza,Miami
Ema,Oakland
Emely,Miami
Emerald,Miami
Emery,Austin
Emile,Oakland
Emmaline,Wichita
Ena,Detroit
Enriqueta,Chicago
Erica,Dallas
Erick,Detroit
Erin,Chicago
Ernest,Charlotte
Ernesto,Chicago
Erwin,Dallas
Esther,Oakland
Ethan,Chicago
Ethelene,Wichita
Evangelina,Philadelphia
Eve,Philadelphia
Evelyne,Dallas
Evie,Philadelphia
Ezekiel,Baltimore
Ezra,Philadelphia
Fabian,Oakland
Fatima,Austin
Fay,Chicago
Felix,Charlotte
Felton,Detroit
Fletcher,Philadelphia
Florencio,Miami
Florentino,Philadelphia
Floyd,Miami
Foster,Dallas
Francis,Charlotte
Francisco,Philadelphia
Frank,Charlotte
Fredda,Austin
Freddy,Oakland
Fredric,Dallas
Fredrick,Charlotte
Frida,Philadelphia
Gabrielle,Wichita
Garland,Charlotte
Garret,Austin
Garrett,Oakland
Garry,Charlotte
Gary,Oakland
Gaston,Charlotte
Gayle,Chicago
Gaynelle,Austin
Gene,Philadelphia
Genevive,Miami
Georgine,Detroit
Geraldo,Charlotte
German,Baltimore
Gilberto,Austin
Ginette,Miami
Ginny,Chicago
Giovanni,Detroit
Giuseppe,Oakland
Glen,Charlotte
Golda,Philadelphia
Gordon,Baltimore
Grady,Miami
Granville,Charlotte
Gregg,Philadelphia
Gregorio,Austin
Gregory,Detroit
Griselda,Austin
Grover,Philadelphia
Gudrun,Chicago
Guillermina,Detroit
Gwenda,Chicago
Hai,Detroit
Hans,Chicago
Harlan,Miami
Harland,Austin
Harley,Philadelphia
Harold,Baltimore
Harriett,Chicago
Harriette,Miami
Harris,Philadelphia
Harrison,Detroit
Hayden,Miami
Haywood,Dallas
Hazel,Miami
Heath,Dallas
Helene,Dallas
Henry,Oakland
Herbert,Charlotte
Heriberto,Dallas
Herlinda,Detroit
Hermelinda,Dallas
Hermila,Chicago
Herschel,Chicago
Hertha,Baltimore
Hettie,Charlotte
Hilaria,Austin
Hilton,Philadelphia
Hiram,Philadelphia
Hobert,Detroit
Hollis,Miami
Homer,Detroit
Hosea,Charlotte
Houston,Oakland
Huey,Baltimore
Hugo,Philadelphia
Hui,Baltimore
Humberto,Miami
Hung,Wichita
Hyman,Detroit
Ian,Philadelphia
Irving,Miami
Irwin,Chicago
Isiah,Miami
Isidro,Philadelphia
Isreal,Chicago
Ivan,Oakland
Jacalyn,Oakland
Jack,Austin
Jackson,Detroit
Jacqualine,Charlotte
Jacque,Chicago
Jaime,Baltimore
Jamar,Miami
Jamee,Detroit
Jamey,Wichita
Jamie,Miami
Jammie,Detroit
Janett,Wichita
Janise,Baltimore
Janna,Charlotte
Jannet,Chicago
Jarred,Detroit
Jarvis,Detroit
Jasmine,Dallas
Jason,Oakland
Jasper,Detroit
Javier,Oakland
Jayne,Philadelphia
Jazmin,Austin
Jc,Detroit
Jeanett,Chicago
Jeanetta,Dallas
Jeanmarie,Dallas
Jeanna,Dallas
Jefferey,Miami
Jeffery,Charlotte
Jeffry,Miami
Jennie,Philadelphia
Jeramy,Oakland
Jeremiah,Charlotte
Jerica,Wichita
Jerilyn,Wichita
Jeromy,Oakland
Jerri,Chicago
Jerry,Oakland
Jesica,Baltimore
Jessenia,Dallas
Jessica,Baltimore
Jessie,Oakland
Jewell,Chicago
Jin,Detroit
Joane,Dallas
Joanie,Baltimore
Joanna,Wichita
Joannie,Austin
Joaquin,Charlotte
Jody,Oakland
Joe,Austin
Johnathon,Oakland
Johnetta,Dallas
Joie,Oakland
Jon,Wichita
Jonas,Baltimore
Jonathan,Philadelphia
Jordan,Dallas
Joselyn,Baltimore
Joseph,Chicago
Josh,Oakland
Joshua,Austin
Joy,Philadelphia
Jude,Dallas
Judith,Chicago
Julee,Philadelphia
Juli,Charlotte
Juliane,Dallas
Julissa,Detroit
Julius,Oakland
Justa,Oakland
Kacey,Oakland
Kaila,Philadelphia
Kala,Chicago
Kandis,Detroit
Kandra,Baltimore
Kanisha,Detroit
Kara,Baltimore
Karisa,Miami
Karissa,Wichita
Karma,Miami
Karoline,Baltimore
Kasey,Charlotte
Kasie,Chicago
Katharine,Miami
Katheryn,Philadelphia
Kathryne,Chicago
Kayleigh,Miami
Keeley,Philadelphia
Keena,Miami
Keith,Philadelphia
Kellie,Austin
Kellye,Charlotte
Ken,Miami
Kendall,Charlotte
Keneth,Philadelphia
Kenna,Baltimore
Kenneth,Austin
Kevin,Charlotte
Kira,Charlotte
Kittie,Dallas
Kori,Baltimore
Kortney,Baltimore
Kory,Detroit
Kraig,Oakland
Krissy,Philadelphia
Kristina,Baltimore
Kristopher,Detroit
Krystal,Chicago
Kurtis,Detroit
Kyle,Charlotte
Kylee,Detroit
Kymberly,Wichita
Kyra,Austin
Laci,Austin
Lacy,Wichita
Lakeshia,Miami
Lakiesha,Miami
Lance,Charlotte
Lane,Charlotte
Lang,Miami
Lani,Baltimore
Lanie,Austin
Laquanda,Philadelphia
Laquita,Miami
Larhonda,Charlotte
Larraine,Dallas
Larue,Detroit
Latanya,Dallas
Latoya,Oakland
Lavenia,Austin
Lawerence,Wichita
Leah,Detroit
Leandro,Wichita
Leatrice,Oakland
Lee,Wichita
Leena,Detroit
Leilani,Charlotte
Len,Charlotte
Lennie,Wichita
Lenny,Chicago
Leo,Chicago
Leon,Austin
Leonel,Baltimore
Leonida,Oakland
Leontine,Chicago
Leopoldo,Detroit
Lera,Charlotte
Lester,Philadelphia
Lewis,Miami
Lien,Oakland
Ligia,Austin
Lila,Dallas
Liliana,Baltimore
Lillie,Baltimore
Lincoln,Oakland
Lindsay,Charlotte
Lindsey,Philadelphia
Lino,Baltimore
Linwood,Baltimore
Lionel,Baltimore
Lisette,Dallas
Lissette,Wichita
Livia,Oakland
Lloyd,Wichita
Loida,Wichita
Long,Detroit
Lora,Oakland
Lorelei,Oakland
Lorina,Baltimore
Louetta,Wichita
Louie,Miami
Louis,Austin
Lovella,Philadelphia
Lowell,Philadelphia
Lu,Wichita
Lucas,Oakland
Lucia,Dallas
Luciano,Dallas
Lucienne,Chicago
Lucile,Austin
Lucius,Philadelphia
Lucy,Miami
Lula,Wichita
Lupe,Dallas
Luther,Oakland
Luvenia,Oakland
Lyndon,Charlotte
Lynsey,Philadelphia
Mabel,Oakland
Mabelle,Baltimore
Mable,Oakland
Mac,Austin
Madalene,Miami
Madeleine,Oakland
Madelene,Wichita
Madge,Miami
Maegan,Oakland
Maia,Detroit
Maire,Oakland
Maisha,Oakland
Malik,Philadelphia
Malika,Dallas
Mammie,Charlotte
Man,Baltimore
Manda,Austin
Mandi,Detroit
Mandy,Wichita
Manual,Dallas
Mao,Miami
Marc,Charlotte
Marcel,Austin
Marcelina,Dallas
Marcella,Detroit
Marcellus,Philadelphia
Marcene,Detroit
Marco,Oakland
Marcy,Philadelphia
Margarette,Detroit
Margarito,Charlotte
Marge,Philadelphia
Marguerite,Chicago
Maria,Miami
Mariano,Austin
Marie,Baltimore
Marilee,Oakland
Marion,Oakland
Marivel,Chicago
Mark,Dallas
Markita,Charlotte
Markus,Chicago
Marlin,Austin
Marlon,Philadelphia
Marlyn,Wichita
Marvella,Chicago
Maryland,Detroit
Maryrose,Detroit
Mason,Charlotte
Mathilde,Chicago
Matt,Philadelphia
Max,Wichita
Maximo,Philadelphia
Mckinley,Detroit
Meaghan,Charlotte
Mechelle,Charlotte
Meghann,Chicago
Mei,Detroit
Mel,Wichita
Melisa,Dallas
Melodie,Detroit
Melody,Detroit
Melvin,Austin
Melynda,Miami
Mercedes,Detroit
Merideth,Wichita
Micah,Chicago
Michael,Detroit
Michaela,Dallas
Michal,Oakland
Micheal,Wichita
Miguel,Chicago
Mika,Charlotte
Mike,Dallas
Mikel,Baltimore
Mindi,Wichita
Minh,Miami
Minta,Austin
Mirian,Philadelphia
Misty,Chicago
Mitch,Charlotte
Moira,Dallas
Moises,Detroit
Mollie,Miami
Mona,Charlotte
Monroe,Oakland
Monte,Detroit
Morgan,Austin
Myles,Detroit
Myra,Philadelphia
Myrle,Austin
Myrna,Dallas
Myron,Dallas
Nakisha,Dallas
Nancee,Miami
Nanette,Detroit
Natalya,Miami
Natasha,Austin
Nathalie,Austin
Nathan,Dallas
Nathanael,Detroit
Neal,Dallas
Ned,Dallas
Neil,Wichita
Nelda,Detroit
Neoma,Detroit
Nestor,Wichita
Nicholas,Austin
Nicholle,Dallas
Nicky,Philadelphia
Nicolas,Oakland
Nicole,Wichita
Nida,Chicago
Nilsa,Austin
Nita,Wichita
Noble,Austin
Noe,Detroit
Noella,Austin
Normand,Detroit
Norris,Philadelphia
Numbers,Charlotte
Odelia,Oakland
Ok,Detroit
Ollie,Wichita
Olympia,Austin
Onita,Dallas
Orval,Chicago
Orville,Austin
Osvaldo,Chicago
Oswaldo,Austin
Otha,Wichita
Otto,Dallas
Ozie,Detroit
Pa,Chicago
Pablo,Detroit
Page,Wichita
Pamela,Wichita
Paris,Detroit
Parker,Wichita
Patrica,Wichita
Patrick,Miami
Paulina,Detroit
Pedro,Oakland
Petrina,Miami
Phil,Chicago
Philip,Baltimore
Porfirio,Philadelphia
Porter,Miami
Preston,Miami
Princess,Philadelphia
Pura,Austin
Quentin,Miami
Quincy,Chicago
Quinton,Philadelphia
Rachael,Austin
Rachel,Dallas
Rachele,Austin
Rachell,Oakland
Racquel,Oakland
Raelene,Philadelphia
Rafael,Chicago
Raguel,Detroit
Ramona,Detroit
Ramonita,Wichita
Rashad,Dallas
Raul,Wichita
Ray,Chicago
Rayford,Oakland
Raymond,Chicago
Raymundo,Charlotte
Reanna,Oakland
Rebeca,Chicago
Reed,Detroit
Refugio,Oakland
Reggie,Baltimore
Reginald,Charlotte
Reina,Dallas
Reinaldo,Detroit
Reita,Miami
Renato,Wichita
Renda,Oakland
Renea,Oakland
Retta,Chicago
Rey,Wichita
Reynaldo,Detroit
Rhett,Oakland
Richard,Wichita
Rigoberto,Wichita
Riley,Chicago
Riva,Chicago
Robbie,Baltimore
Robt,Baltimore
Rocco,Philadelphia
Rocky,Chicago
Rodney,Detroit
Rodolfo,Wichita
Rodrigo,Dallas
Roland,Wichita
Rolando,Charlotte
Rolf,Miami
Rolland,Miami
Ron,Dallas
Ronnie,Baltimore
Rosario,Austin
Rosaura,Wichita
Rosendo,Charlotte
Ross,Oakland
Roxanna,Chicago
Roy,Chicago
Royce,Charlotte
Ruben,Dallas
Rubin,Oakland
Rueben,Wichita
Rufus,Chicago
Russel,Baltimore
Rusty,Oakland
Ruthann,Oakland
Ruthe,Baltimore
Ryan,Austin
Sacha,Baltimore
Sachiko,Philadelphia
Sal,Miami
Salena,Dallas
Salina,Philadelphia
Salvatore,Chicago
Samara,Philadelphia
Samual,Philadelphia
Sandy,Oakland
Sang,Miami
Santiago,Miami
Sarai,Austin
Sarina,Philadelphia
Scottie,Oakland
Scotty,Wichita
Sebastian,Detroit
Seymour,Dallas
Shae,Miami
Shalonda,Charlotte
Shaneka,Wichita
Shanelle,Wichita
Shanice,Miami
Shanon,Dallas
Shantay,Dallas
Sharika,Baltimore
Sharolyn,Charlotte
Shaun,Chicago
Shavonda,Oakland
Shawanna,Austin
Shawn,Austin
Shelia,Austin
Shelli,Baltimore
Shelton,Chicago
Shemeka,Charlotte
Shenna,Charlotte
Sherice,Charlotte
Sherie,Detroit
Sherise,Oakland
Sherlyn,Baltimore
Sherman,Charlotte
Sherril,Wichita
Sherry,Miami
Sherwood,Charlotte
Sheryl,Philadelphia
Shila,Austin
Shira,Miami
Shirley,Dallas
Shon,Chicago
Sibyl,Dallas
Sid,Philadelphia
Silas,Miami
Simonne,Wichita
So,Chicago
Sol,Chicago
Solomon,Charlotte
Stan,Charlotte
Stanford,Wichita
Starla,Baltimore
Stasia,Chicago
Stefania,Philadelphia
Stephanie,Austin
Stephen,Austin
Stephenie,Austin
Stephnie,Oakland
Sterling,Wichita
Stewart,Oakland
Sumiko,Charlotte
Sung,Dallas
Susan,Baltimore
Susann,Philadelphia
Susanna,Baltimore
Suzette,Philadelphia
Suzy,Miami
Syble,Miami
Sydney,Charlotte
Syreeta,Oakland
Tabetha,Charlotte
Tai,Chicago
Takako,Austin
Takisha,Oakland
Tamiko,Miami
Tammara,Oakland
Tarah,Austin
Tarsha,Baltimore
Tatiana,Oakland
Tawana,Baltimore
Ted,Detroit
Tegan,Oakland
Teisha,Dallas
Teodoro,Chicago
Tequila,Oakland
Terence,Philadelphia
Terisa,Philadelphia
Terrance,Dallas
Terrence,Detroit
Tesha,Dallas
Thad,Detroit
Theola,Philadelphia
Theresa,Charlotte
Therese,Dallas
Theron,Miami
Thresa,Chicago
Thurman,Baltimore
Tiesha,Philadelphia
Tiffany,Oakland
Tim,Detroit
Titus,Miami
Tobias,Baltimore
Tobie,Baltimore
Tomiko,Austin
Tommie,Miami
Tommy,Dallas
Tona,Chicago
Toni,Oakland
Torri,Baltimore
Tracee,Dallas
Tran,Wichita
Travis,Austin
Treasa,Detroit
Trent,Miami
Trevor,Wichita
Trey,Oakland
Trinidad,Miami
Trinity,Oakland
Trista,Miami
Troy,Detroit
Trula,Charlotte
Truman,Detroit
Tuan,Miami
Twana,Miami
Twanna,Philadelphia
Ty,Chicago
Tyler,Detroit
Tynisha,Detroit
Tyrone,Charlotte
Tyson,Dallas
Ulysses,Charlotte
Val,Baltimore
Valene,Dallas
Valeria,Wichita
Valery,Chicago
Vallie,Charlotte
Vannessa,Oakland
Vasiliki,Dallas
Vaughn,Detroit
Verline,Wichita
Vern,Dallas
Vernita,Detroit
Veronique,Miami
Veta,Detroit
Vicky,Oakland
Victor,Oakland
Vince,Wichita
Vincent,Oakland
Vincenza,Detroit
Von,Oakland
Wally,Philadelphia
Walton,Detroit
Warren,Dallas
Wayne,Austin
Wendie,Miami
Wenona,Austin
Werner,Chicago
Wesley,Austin
Whitney,Detroit
Wilburn,Baltimore
Wiley,Austin
Willa,Oakland
Williemae,Dallas
Willy,Charlotte
Wilma,Baltimore
Wilmer,Detroit
Wilson,Miami
Winston,Oakland
Wyatt,Dallas
Xuan,Baltimore
Yen,Wichita
Yolonda,Dallas
Yong,Dallas
Young,Austin
Yuki,Chicago
Zachariah,Chicago
Zachery,Detroit
Zack,Charlotte
Zandra,Oakland
Zane,Miami
Zofia,Austin
Zola,Baltimore
Zula,Miami